phase,url,source_file,page_type,local_status,production_status,indexable,robots_directives,canonical,canonical_target_status,title,title_length,meta_description,description_length,h1,heading_structure,word_count,lang,published_date,modified_date,author,breadcrumbs,schema_types,internal_inbound_links,internal_outbound_links,external_outbound_links,broken_internal_links,broken_external_links,image_count,missing_alt,missing_dimensions,page_depth,orphan,sitemap_included,duplicate_title,duplicate_description,content_hash,issues
baseline,https://typescript.robertdevore.com/,scripts/build.mjs,home,200,200,True,,https://typescript.robertdevore.com/,200,Learn TypeScript. Build apps and libraries. · TypeScript Course,63,"A free, self-guided TypeScript course: 36 lessons, five builds, verified examples, and a production capstone. JavaScript underneath. Types above it.",148,Learn TypeScript.Build appsand libraries.,"[[""h1"", ""Learn TypeScript.Build appsand libraries.""], [""h2"", ""Start with the basics.Build at every stage.""], [""h3"", ""Foundations""], [""h3"", ""The type system""], [""h3"", ""Real applications""], [""h3"", ""Libraries & scale""], [""h3"", ""Advanced & production""], [""h2"", ""Types check your code.Validation checks your data.""], [""h2"", ""Build a jobexecution platform.""]]",348,en,,,,False,,148,31,2,0,0,0,0,0,0,False,True,False,False,1074ec07885e9297b304e2d857732b5e84cbb36c40e8b956d17a311d5b7cea98,"no structured data (opportunity, not search requirement)"
baseline,https://typescript.robertdevore.com/research/,scripts/build.mjs,research,200,200,True,,https://typescript.robertdevore.com/research/,200,Sources & versions · TypeScript Course,38,"The course's verified TypeScript baseline, evidence ledger, and release status.",79,Sources & versions,"[[""h1"", ""Sources & versions""], [""h2"", ""Stable teaching baseline""], [""h2"", ""Authoritative source ledger""], [""h2"", ""Contributor reference lenses""], [""h2"", ""Verification policy""]]",713,en,,,,False,,100,17,29,0,0,0,0,0,1,False,True,False,False,01a39d234104e6bc4442b387b3ed4445e1dc279049dd2312218600974c5d965d,"no structured data (opportunity, not search requirement)"
baseline,https://typescript.robertdevore.com/labs/browser/,labs/browser/index.html,labs,200,200,False,"noindex,follow",https://typescript.robertdevore.com/labs/browser/,200,Browser boundary lab · TypeScript Course,40,,0,Check the actual element.,"[[""h1"", ""Check the actual element.""]]",42,en,,,,False,,1,1,0,0,0,0,0,0,2,False,False,False,False,0b84ff98ed3c6a829232d891198f1c37b92d5b348df68750c74112c88f49dd62,
baseline,https://typescript.robertdevore.com/course/,scripts/build.mjs,course,200,200,True,,https://typescript.robertdevore.com/course/,200,The complete learning path · TypeScript Course,46,"All 36 TypeScript lessons and five milestone builds in order, with local progress and clear checkpoints.",104,Your TypeScriptlearning path.,"[[""h1"", ""Your TypeScriptlearning path.""], [""h2"", ""Foundations""], [""h2"", ""The type system""], [""h2"", ""Real applications""], [""h2"", ""Libraries & scale""], [""h2"", ""Advanced & production""]]",310,en,,,,False,,199,58,2,0,0,0,0,0,1,False,True,False,False,acd357178fd4eee35e652732e84641277ed4d8823c79e1014cbf26ffd8897ae3,"no structured data (opportunity, not search requirement)"
baseline,https://typescript.robertdevore.com/tracks/,scripts/build.mjs,tracks,200,200,True,,https://typescript.robertdevore.com/tracks/,200,Optional specialization tracks · TypeScript Course,50,"Continue into backend, frontend, library, type-level, tooling, or enterprise TypeScript.",88,Optional specialization tracks,"[[""h1"", ""Optional specialization tracks""], [""h2"", ""Backend TypeScript""], [""h2"", ""Frontend TypeScript""], [""h2"", ""Library engineering""], [""h2"", ""Type-level TypeScript""], [""h2"", ""Tooling & compiler APIs""], [""h2"", ""Monorepo & enterprise TypeScript""]]",529,en,,,,False,,51,27,2,0,0,0,0,0,1,False,True,False,False,6b730b6e4f4780b000fd2a41b6ee94e7fdfdd60c5520a324a95c145b5a946116,"no structured data (opportunity, not search requirement)"
baseline,https://typescript.robertdevore.com/about/,scripts/build.mjs,about,200,200,True,,https://typescript.robertdevore.com/about/,200,About the course · TypeScript Course,36,How to study this independent TypeScript course and verify your work.,69,About the course,"[[""h1"", ""About the course""], [""h2"", ""How to study""], [""h2"", ""Get the runnable course""], [""h2"", ""Find an answer""], [""h2"", ""Progress and privacy""], [""h2"", ""Versions and sources""], [""h2"", ""Author and references""]]",516,en,,,,False,,99,21,4,0,0,0,0,0,1,False,True,False,False,21c7a7f1612a1a8acbe10dd4e56620488264d24aa36418f2cf49993e98088ded,"no structured data (opportunity, not search requirement)"
baseline,https://typescript.robertdevore.com/builds/package-consumer/,content/builds/04-package-consumer.md,builds,200,200,True,,https://typescript.robertdevore.com/builds/package-consumer/,200,Build 4: package & independent consumer · TypeScript Course,59,Prepare a releasable package and prove its runtime and declaration contracts from a fresh install.,98,Build 4: package & independent consumer,"[[""h1"", ""Build 4: package & independent consumer""], [""h2"", ""The brief""], [""h2"", ""Milestone 1 \u2014 Define the support envelope""], [""h2"", ""Milestone 2 \u2014 Produce both artifacts""], [""h2"", ""Milestone 3 \u2014 Configure package exports""], [""h2"", ""Milestone 4 \u2014 Inspect the tarball""], [""h2"", ""Milestone 5 \u2014 Install outside the workspace""], [""h2"", ""Milestone 6 \u2014 Review compatibility""], [""h2"", ""Type-checker drill""], [""h2"", ""Runtime-boundary drill""], [""h2"", ""Documentation and release notes""], [""h2"", ""Review rubric""], [""h2"", ""Completion checkpoint""]]",831,en,,,,False,,58,73,2,0,0,0,0,0,2,False,True,False,False,16d25977bde12bcd7b54c0d4f50c4a4677e823a570c3284aec237aed20225b0b,"no structured data (opportunity, not search requirement)"
baseline,https://typescript.robertdevore.com/builds/capstone/,content/builds/05-capstone.md,builds,200,200,True,,https://typescript.robertdevore.com/builds/capstone/,200,Capstone: typed job execution platform · TypeScript Course,58,"Design, implement, test, package, and operate a complete job system through explicit milestones.",96,Capstone: typed job execution platform,"[[""h1"", ""Capstone: typed job execution platform""], [""h2"", ""The brief""], [""h2"", ""Deliverables""], [""h2"", ""Milestone 1 \u2014 Model identity and state""], [""h2"", ""Milestone 2 \u2014 Establish runtime contracts""], [""h2"", ""Milestone 3 \u2014 Build the executor""], [""h2"", ""Milestone 4 \u2014 Persist and recover""], [""h2"", ""Milestone 5 \u2014 Expose HTTP and CLI adapters""], [""h2"", ""Milestone 6 \u2014 Package the owned contracts""], [""h2"", ""Milestone 7 \u2014 Own production lifecycle""], [""h2"", ""Milestone 8 \u2014 Release and defend the design""], [""h2"", ""Final review rubric""], [""h2"", ""Diagnostic challenge""], [""h2"", ""Completion checkpoint""]]",1343,en,,,,False,,59,74,2,0,0,0,0,0,1,False,True,False,False,977e207633f3c4c916e406aa96254d48df8c19ff72de615d046f384b2e4782f2,"no structured data (opportunity, not search requirement)"
baseline,https://typescript.robertdevore.com/builds/data-utility/,content/builds/01-data-utility.md,builds,200,200,True,,https://typescript.robertdevore.com/builds/data-utility/,200,Build 1: command-line data utility · TypeScript Course,54,"Parse a local job file, reject malformed input, and print an honest summary.",76,Build 1: command-line data utility,"[[""h1"", ""Build 1: command-line data utility""], [""h2"", ""The brief""], [""h2"", ""Inputs and outputs""], [""h2"", ""Milestone 1 \u2014 Own the toolchain""], [""h2"", ""Milestone 2 \u2014 Parse unknown input""], [""h2"", ""Milestone 3 \u2014 Model outcomes""], [""h2"", ""Milestone 4 \u2014 Verify the process boundary""], [""h2"", ""Type-checker drill""], [""h2"", ""Runtime-boundary drill""], [""h2"", ""Compare after implementation""], [""h2"", ""Review questions""], [""h2"", ""Completion checkpoint""]]",881,en,,,,False,,57,72,2,0,0,0,0,0,2,False,True,False,False,938e26414750397b76bb2a52c906e4d8e4bdb346772920876ebb56449f83c602,"no structured data (opportunity, not search requirement)"
baseline,https://typescript.robertdevore.com/builds/library-cli/,content/builds/02-library-cli.md,builds,200,200,True,,https://typescript.robertdevore.com/builds/library-cli/,200,Build 2: reusable library & CLI · TypeScript Course,51,"Extract domain behavior, preserve inference, and test both runtime and public type contracts.",93,Build 2: reusable library & CLI,"[[""h1"", ""Build 2: reusable library & CLI""], [""h2"", ""The brief""], [""h2"", ""Public domain contract""], [""h2"", ""Milestone 1 \u2014 Separate ownership""], [""h2"", ""Milestone 2 \u2014 Use precise results""], [""h2"", ""Milestone 3 \u2014 Add one justified generic""], [""h2"", ""Milestone 4 \u2014 Test runtime contracts""], [""h2"", ""Milestone 5 \u2014 Test type contracts""], [""h2"", ""Runtime-boundary drill""], [""h2"", ""Type-checker drill""], [""h2"", ""Compare after implementation""], [""h2"", ""Review rubric""], [""h2"", ""Completion checkpoint""]]",875,en,,,,False,,58,73,2,0,0,0,0,0,2,False,True,False,False,607f557349c6a76e875a190a23042f070637ecd4d28bffb9cee867373d162f52,"no structured data (opportunity, not search requirement)"
baseline,https://typescript.robertdevore.com/builds/application/,content/builds/03-application.md,builds,200,200,True,,https://typescript.robertdevore.com/builds/application/,200,Build 3: validated HTTP application · TypeScript Course,55,"Build a bounded, observable Node service with a real external boundary and graceful lifecycle.",94,Build 3: validated HTTP application,"[[""h1"", ""Build 3: validated HTTP application""], [""h2"", ""The brief""], [""h2"", ""Observable contract""], [""h2"", ""Milestone 1 \u2014 Parse startup configuration""], [""h2"", ""Milestone 2 \u2014 Build a trustworthy client""], [""h2"", ""Milestone 3 \u2014 Own application concurrency""], [""h2"", ""Milestone 4 \u2014 Make errors and logs useful""], [""h2"", ""Milestone 5 \u2014 Shut down gracefully""], [""h2"", ""Milestone 6 \u2014 Test both seams and real HTTP""], [""h2"", ""Type-checker and runtime drills""], [""h2"", ""Production review""], [""h2"", ""Completion checkpoint""]]",933,en,,,,False,,57,72,2,0,0,0,0,0,2,False,True,False,False,a3967d6918135923255dcb4868caeae5bca6ae156bcdc6eb712da6b7e139684c,"no structured data (opportunity, not search requirement)"
baseline,https://typescript.robertdevore.com/search/,scripts/build.mjs,search,200,200,False,"noindex,follow",https://typescript.robertdevore.com/search/,200,Search the course · TypeScript Course,37,"Search TypeScript concepts, compiler errors, and practical reference topics.",76,Search the course.,"[[""h1"", ""Search the course.""]]",35,en,,,,False,,101,19,2,0,0,0,0,0,1,False,False,False,False,25119ca17d489a1f3680996f34b7bd73cbc3a56c46f8f3be35ea1788fef701fb,
baseline,https://typescript.robertdevore.com/lessons/generics/,content/lessons/11-generics.md,lessons,200,200,True,,https://typescript.robertdevore.com/lessons/generics/,200,Generics & type relationships · TypeScript Course,49,Design reusable functions whose outputs retain useful information about their inputs.,85,Generics & type relationships,"[[""h1"", ""Generics & type relationships""], [""h2"", ""Where you are""], [""h2"", ""Mental model""], [""h2"", ""JavaScript reality""], [""h2"", ""TypeScript model""], [""h2"", ""Working example""], [""h2"", ""Type-checker drill""], [""h2"", ""Runtime drill""], [""h2"", ""Professional pattern""], [""h2"", ""Exercise""], [""h2"", ""Checkpoint""], [""h2"", ""Sources""], [""h2"", ""Type explorer""]]",829,en,,,,False,,59,73,4,0,0,0,0,0,2,False,True,False,False,7a2952e3e331c430027fd2fdb7c10623bd9a59fc10c3ea2a486feba1d5134a4d,"no structured data (opportunity, not search requirement)"
baseline,https://typescript.robertdevore.com/lessons/publishing/,content/lessons/28-publishing.md,lessons,200,200,True,,https://typescript.robertdevore.com/lessons/publishing/,200,Publishing typed packages · TypeScript Course,45,"Test the tarball that consumers install, including exports, declarations, and compatibility.",92,Publishing typed packages,"[[""h1"", ""Publishing typed packages""], [""h2"", ""Where you are""], [""h2"", ""Mental model""], [""h2"", ""Runtime and package-manager reality""], [""h2"", ""TypeScript model""], [""h2"", ""Working example""], [""h2"", ""Package workflow""], [""h2"", ""Type-checker drill""], [""h2"", ""Runtime drill""], [""h2"", ""Professional pattern""], [""h2"", ""Exercise""], [""h2"", ""Checkpoint""], [""h2"", ""Sources""]]",727,en,,,,False,,59,74,5,0,0,0,0,0,2,False,True,False,False,7360532a5bc25bd2b3359d107a68a2e6e3b2ff831acda852f5b7b4c2e8f783dc,"no structured data (opportunity, not search requirement)"
baseline,https://typescript.robertdevore.com/lessons/mapped-types/,content/lessons/13-mapped-types.md,lessons,200,200,True,,https://typescript.robertdevore.com/lessons/mapped-types/,200,Mapped types · TypeScript Course,32,Transform property types without confusing type changes with runtime changes.,77,Mapped types,"[[""h1"", ""Mapped types""], [""h2"", ""Where you are""], [""h2"", ""Mental model""], [""h2"", ""JavaScript reality""], [""h2"", ""TypeScript model""], [""h2"", ""Working example""], [""h2"", ""Type-checker drill""], [""h2"", ""Runtime drill""], [""h2"", ""Professional pattern""], [""h2"", ""Exercise""], [""h2"", ""Checkpoint""], [""h2"", ""Sources""]]",789,en,,,,False,,57,72,4,0,0,0,0,0,2,False,True,False,False,64676c3caa0d40d1c860ac6089c2a1c26924be6206e4e3f102a14265fc0c4aa2,"no structured data (opportunity, not search requirement)"
baseline,https://typescript.robertdevore.com/lessons/interfaces-and-aliases/,content/lessons/06-interfaces-and-aliases.md,lessons,200,200,True,,https://typescript.robertdevore.com/lessons/interfaces-and-aliases/,200,Interfaces & type aliases · TypeScript Course,45,Choose interfaces or type aliases to suit your data and public APIs.,68,Interfaces & type aliases,"[[""h1"", ""Interfaces & type aliases""], [""h2"", ""Where you are""], [""h2"", ""Mental model""], [""h2"", ""JavaScript reality""], [""h2"", ""TypeScript model""], [""h2"", ""Working example""], [""h2"", ""Type-checker drill""], [""h2"", ""Runtime drill""], [""h2"", ""Professional pattern""], [""h2"", ""Common failure modes""], [""h2"", ""Exercise""], [""h2"", ""Checkpoint""], [""h2"", ""Sources""]]",869,en,,,,False,,58,73,4,0,0,0,0,0,2,False,True,False,False,c546909a24a6aa79fc40fdcc777f99de0e2943b1094c8876912cbb55e9ca81e7,"no structured data (opportunity, not search requirement)"
baseline,https://typescript.robertdevore.com/lessons/http-clients/,content/lessons/22-http-clients.md,lessons,200,200,True,,https://typescript.robertdevore.com/lessons/http-clients/,200,HTTP clients & external APIs · TypeScript Course,48,"Build an HTTP client that checks responses and handles failures, retries, and cancellation.",91,HTTP clients & external APIs,"[[""h1"", ""HTTP clients & external APIs""], [""h2"", ""Where you are""], [""h2"", ""Mental model""], [""h2"", ""JavaScript and HTTP reality""], [""h2"", ""TypeScript model""], [""h2"", ""Working example""], [""h2"", ""Type-checker drill""], [""h2"", ""Retry, pagination, and rate limits""], [""h2"", ""Runtime drill""], [""h2"", ""Exercise""], [""h2"", ""Checkpoint""], [""h2"", ""Sources""]]",810,en,,,,False,,57,72,4,0,0,0,0,0,2,False,True,False,False,86799000917bde154156b357b902df8c0560f31d9880d550d978c902a87c0538,"no structured data (opportunity, not search requirement)"
baseline,https://typescript.robertdevore.com/lessons/javascript-migration/,content/lessons/31-javascript-migration.md,lessons,200,200,True,,https://typescript.robertdevore.com/lessons/javascript-migration/,200,Migrating JavaScript safely · TypeScript Course,47,"Adopt TypeScript a step at a time with checked JavaScript, JSDoc, and typed boundaries.",87,Migrating JavaScript safely,"[[""h1"", ""Migrating JavaScript safely""], [""h2"", ""Where you are""], [""h2"", ""Mental model""], [""h2"", ""JavaScript reality""], [""h2"", ""TypeScript model""], [""h2"", ""Working example""], [""h2"", ""A gradual configuration""], [""h2"", ""Type-checker drill""], [""h2"", ""Runtime drill""], [""h2"", ""Professional pattern""], [""h2"", ""Exercise""], [""h2"", ""Checkpoint""], [""h2"", ""Sources""]]",716,en,,,,False,,58,73,5,0,0,0,0,0,2,False,True,False,False,4becacf50c124014637fd59a02f4b822ea35699eee7c0dc29ed58b75e907c861,"no structured data (opportunity, not search requirement)"
baseline,https://typescript.robertdevore.com/lessons/variance/,content/lessons/17-variance.md,lessons,200,200,True,,https://typescript.robertdevore.com/lessons/variance/,200,Variance & function compatibility · TypeScript Course,53,Debug callback assignability using the values an implementation can actually handle.,84,Variance & function compatibility,"[[""h1"", ""Variance & function compatibility""], [""h2"", ""Where you are""], [""h2"", ""Mental model""], [""h2"", ""JavaScript reality""], [""h2"", ""TypeScript model""], [""h2"", ""Working example""], [""h2"", ""Type-checker drill""], [""h2"", ""Runtime drill""], [""h2"", ""Professional pattern""], [""h2"", ""Exercise""], [""h2"", ""Checkpoint""], [""h2"", ""Sources""]]",797,en,,,,False,,57,73,4,0,0,0,0,0,2,False,True,False,False,0eef2308430adefd9561d2982e23348e4fa9f45d45a03f524476084f46c82ea7,"no structured data (opportunity, not search requirement)"
baseline,https://typescript.robertdevore.com/lessons/assertions-const-satisfies/,content/lessons/10-assertions-const-satisfies.md,lessons,200,200,True,,https://typescript.robertdevore.com/lessons/assertions-const-satisfies/,200,"Assertions, as const & satisfies · TypeScript Course",52,"Compare annotations, assertions, const assertions, and satisfies.",65,"Assertions, as const & satisfies","[[""h1"", ""Assertions, as const & satisfies""], [""h2"", ""Where you are""], [""h2"", ""Mental model""], [""h2"", ""JavaScript reality""], [""h2"", ""TypeScript model""], [""h2"", ""Working example""], [""h2"", ""Type-checker drill""], [""h2"", ""Runtime drill""], [""h2"", ""Professional pattern""], [""h2"", ""Exercise""], [""h2"", ""Checkpoint""], [""h2"", ""Sources""], [""h2"", ""Type explorer""]]",781,en,,,,False,,58,73,4,0,0,0,0,0,2,False,True,False,False,82a8326f585b78039199f6791eb96ebea377d0912bc96fde5301d02aa4ade2f6,"no structured data (opportunity, not search requirement)"
baseline,https://typescript.robertdevore.com/lessons/declaration-files/,content/lessons/27-declaration-files.md,lessons,200,200,True,,https://typescript.robertdevore.com/lessons/declaration-files/,200,Declaration files · TypeScript Course,37,"Read, write, and test declaration files that describe JavaScript APIs.",70,Declaration files,"[[""h1"", ""Declaration files""], [""h2"", ""Where you are""], [""h2"", ""Mental model""], [""h2"", ""JavaScript reality""], [""h2"", ""TypeScript model""], [""h2"", ""Working example""], [""h2"", ""Type-checker drill""], [""h2"", ""Runtime drill""], [""h2"", ""Professional pattern""], [""h2"", ""Exercise""], [""h2"", ""Checkpoint""], [""h2"", ""Sources""], [""h2"", ""Type explorer""]]",789,en,,,,False,,58,73,5,0,0,0,0,0,2,False,True,False,False,e90cfa00e7b27ff5b586e9089a4c7750631a378ade0a2173cc19f3505e00ba67,"no structured data (opportunity, not search requirement)"
baseline,https://typescript.robertdevore.com/lessons/compiler-tooling/,content/lessons/35-compiler-tooling.md,lessons,200,200,True,,https://typescript.robertdevore.com/lessons/compiler-tooling/,200,"Compiler, language service & LSP · TypeScript Course",52,Learn how the compiler and language service produce diagnostics and editor feedback.,84,"Compiler, language service & LSP","[[""h1"", ""Compiler, language service & LSP""], [""h2"", ""Where you are""], [""h2"", ""Mental model""], [""h2"", ""JavaScript and tooling reality""], [""h2"", ""TypeScript 7 model""], [""h2"", ""Working example""], [""h2"", ""Type-checker drill""], [""h2"", ""Runtime drill""], [""h2"", ""Professional pattern""], [""h2"", ""Exercise""], [""h2"", ""Checkpoint""], [""h2"", ""Sources""], [""h2"", ""Type explorer""]]",748,en,,,,False,,59,73,5,0,0,0,0,0,2,False,True,False,False,ce16578dee2a9590149e95ee75acf5767186f985d176d1dfb8b16a60be78cc35,"no structured data (opportunity, not search requirement)"
baseline,https://typescript.robertdevore.com/lessons/runtime-validation/,content/lessons/20-runtime-validation.md,lessons,200,200,True,,https://typescript.robertdevore.com/lessons/runtime-validation/,200,Runtime validation & trusted boundaries · TypeScript Course,59,Parse external data before using it as a trusted application value.,67,Runtime validation & trusted boundaries,"[[""h1"", ""Runtime validation & trusted boundaries""], [""h2"", ""Where you are""], [""h2"", ""Mental model""], [""h2"", ""JavaScript reality""], [""h2"", ""TypeScript model""], [""h2"", ""Working example""], [""h2"", ""Type-checker drill""], [""h2"", ""Runtime drill""], [""h2"", ""Professional pattern""], [""h2"", ""Exercise""], [""h2"", ""Checkpoint""], [""h2"", ""Sources""]]",807,en,,,,False,,59,72,4,0,0,0,0,0,1,False,True,False,False,5bdf695b488dc9b866376f4d4bf818c76e8a69936c3077b28f5dab94c2683c02,"no structured data (opportunity, not search requirement)"
baseline,https://typescript.robertdevore.com/lessons/library-design/,content/lessons/26-library-design.md,lessons,200,200,True,,https://typescript.robertdevore.com/lessons/library-design/,200,Designing library APIs · TypeScript Course,42,"Build APIs with useful inference, clear diagnostics, and stable behavior.",73,Designing library APIs,"[[""h1"", ""Designing library APIs""], [""h2"", ""Where you are""], [""h2"", ""Mental model""], [""h2"", ""JavaScript reality""], [""h2"", ""TypeScript model""], [""h2"", ""Working example""], [""h2"", ""Type-checker drill""], [""h2"", ""Runtime drill""], [""h2"", ""Professional pattern""], [""h2"", ""Exercise""], [""h2"", ""Checkpoint""], [""h2"", ""Sources""], [""h2"", ""Type explorer""]]",746,en,,,,False,,59,73,4,0,0,0,0,0,1,False,True,False,False,8c355f3e932974398bc9db343f31754fbed5fd77d4a140b30a1c89744ff5a9bc,"no structured data (opportunity, not search requirement)"
baseline,https://typescript.robertdevore.com/lessons/template-literal-types/,content/lessons/15-template-literal-types.md,lessons,200,200,True,,https://typescript.robertdevore.com/lessons/template-literal-types/,200,Template literal types · TypeScript Course,42,Define event names and route patterns with string literal types.,64,Template literal types,"[[""h1"", ""Template literal types""], [""h2"", ""Where you are""], [""h2"", ""Mental model""], [""h2"", ""JavaScript reality""], [""h2"", ""TypeScript model""], [""h2"", ""Working example""], [""h2"", ""Type-checker drill""], [""h2"", ""Runtime drill""], [""h2"", ""Professional pattern""], [""h2"", ""Exercise""], [""h2"", ""Checkpoint""], [""h2"", ""Sources""]]",678,en,,,,False,,57,72,3,0,0,0,0,0,2,False,True,False,False,068f38b950e195d5042ebb30ff5c4d68443b5467356eb0426023a8fe91989bad,"no structured data (opportunity, not search requirement)"
baseline,https://typescript.robertdevore.com/lessons/tsconfig/,content/lessons/18-tsconfig.md,lessons,200,200,True,,https://typescript.robertdevore.com/lessons/tsconfig/,200,Configuring TypeScript · TypeScript Course,42,"Choose compiler settings for your runtime, build, and packages.",63,Configuring TypeScript,"[[""h1"", ""Configuring TypeScript""], [""h2"", ""Where you are""], [""h2"", ""Mental model""], [""h2"", ""Runtime and tooling reality""], [""h2"", ""TypeScript model""], [""h2"", ""Working example""], [""h2"", ""Type-checker drill""], [""h2"", ""Runtime drill""], [""h2"", ""Professional pattern""], [""h2"", ""Exercise""], [""h2"", ""Checkpoint""], [""h2"", ""Sources""]]",788,en,,,,False,,59,72,4,0,0,0,0,0,1,False,True,False,False,9b24503b7440df64c5aea64d3e5833143ba5627b4844173d99b302808b428918,"no structured data (opportunity, not search requirement)"
baseline,https://typescript.robertdevore.com/lessons/values-and-types/,content/lessons/02-values-and-types.md,lessons,200,200,True,,https://typescript.robertdevore.com/lessons/values-and-types/,200,JavaScript values & TypeScript types · TypeScript Course,56,Separate runtime values from static types and learn when inference is enough.,77,JavaScript values & TypeScript types,"[[""h1"", ""JavaScript values & TypeScript types""], [""h2"", ""Where you are""], [""h2"", ""Mental model""], [""h2"", ""JavaScript reality""], [""h2"", ""TypeScript model""], [""h2"", ""Working example""], [""h2"", ""Type-checker drill""], [""h2"", ""Runtime drill""], [""h2"", ""Professional pattern""], [""h2"", ""Common failure modes""], [""h2"", ""Exercise""], [""h2"", ""Checkpoint""], [""h2"", ""Sources""], [""h2"", ""Type explorer""]]",906,en,,,,False,,59,74,4,0,0,0,0,0,2,False,True,False,False,de597eb618aebf83f8aa97be422e7584de3734177fd2a2084864d4c8e7c981c6,"no structured data (opportunity, not search requirement)"
baseline,https://typescript.robertdevore.com/lessons/async/,content/lessons/21-async.md,lessons,200,200,True,,https://typescript.robertdevore.com/lessons/async/,200,Async TypeScript & cancellation · TypeScript Course,51,Understand promises and scheduling before modeling concurrent operations.,73,Async TypeScript & cancellation,"[[""h1"", ""Async TypeScript & cancellation""], [""h2"", ""Where you are""], [""h2"", ""JavaScript reality""], [""h2"", ""Mental model""], [""h2"", ""TypeScript model""], [""h2"", ""Working example""], [""h2"", ""Type-checker drill""], [""h2"", ""Runtime drill""], [""h2"", ""Async iteration and streams""], [""h2"", ""Professional pattern""], [""h2"", ""Exercise""], [""h2"", ""Checkpoint""], [""h2"", ""Sources""]]",798,en,,,,False,,59,73,4,0,0,0,0,0,2,False,True,False,False,97d1e74ed5b60854f6e46af12c9128d740e95c409b9c55d2cf546a675c80c2bb,"no structured data (opportunity, not search requirement)"
baseline,https://typescript.robertdevore.com/lessons/setup/,content/lessons/01-setup.md,lessons,200,200,True,,https://typescript.robertdevore.com/lessons/setup/,200,Modern TypeScript setup · TypeScript Course,43,"Set up a project, check your code, and run the JavaScript it produces.",70,Modern TypeScript setup,"[[""h1"", ""Modern TypeScript setup""], [""h2"", ""Where you are""], [""h2"", ""Why this matters""], [""h2"", ""Mental model""], [""h2"", ""JavaScript reality""], [""h2"", ""Install a local toolchain""], [""h2"", ""Working example""], [""h2"", ""Type-checker drill""], [""h2"", ""Runtime drill""], [""h2"", ""TypeScript 7 and development workflows""], [""h2"", ""Professional pattern""], [""h2"", ""Exercise""], [""h2"", ""Checkpoint""], [""h2"", ""Sources""]]",1026,en,,,,False,,60,73,5,0,0,0,0,0,1,False,True,False,False,28692d100f16dc4bb69f269844d946131b21fbe2537b254aa5b264d7ffd3b0dc,"no structured data (opportunity, not search requirement)"
baseline,https://typescript.robertdevore.com/lessons/shipping/,content/lessons/36-shipping.md,lessons,200,200,True,,https://typescript.robertdevore.com/lessons/shipping/,200,Shipping & maintaining TypeScript · TypeScript Course,53,Build reproducible releases and check that upgrades preserve your public APIs.,78,Shipping & maintaining TypeScript,"[[""h1"", ""Shipping & maintaining TypeScript""], [""h2"", ""Where you are""], [""h2"", ""Mental model""], [""h2"", ""Runtime and tooling reality""], [""h2"", ""TypeScript model""], [""h2"", ""Working example""], [""h2"", ""Type-checker drill""], [""h2"", ""Release procedure""], [""h2"", ""Runtime drill""], [""h2"", ""Professional pattern""], [""h2"", ""Exercise""], [""h2"", ""Checkpoint""], [""h2"", ""Sources""]]",787,en,,,,False,,58,74,5,0,0,0,0,0,2,False,True,False,False,d18eef0bb615d7bcd70b6a775c8e505422e1c2674bfff7882551667735dc9838,"no structured data (opportunity, not search requirement)"
baseline,https://typescript.robertdevore.com/lessons/workspaces/,content/lessons/29-workspaces.md,lessons,200,200,True,,https://typescript.robertdevore.com/lessons/workspaces/,200,Workspaces & project boundaries · TypeScript Course,51,Organize packages and builds so dependencies stay clear as the repository grows.,80,Workspaces & project boundaries,"[[""h1"", ""Workspaces & project boundaries""], [""h2"", ""Where you are""], [""h2"", ""Mental model""], [""h2"", ""JavaScript and package reality""], [""h2"", ""TypeScript model""], [""h2"", ""Working example""], [""h2"", ""Reference layout""], [""h2"", ""Type-checker drill""], [""h2"", ""Runtime drill""], [""h2"", ""Professional pattern""], [""h2"", ""Exercise""], [""h2"", ""Checkpoint""], [""h2"", ""Sources""]]",746,en,,,,False,,59,73,5,0,0,0,0,0,2,False,True,False,False,39da1a3715f3a0c7d4831b030dd07beb5760f0e91a1e9ab9cdc351369346f447,"no structured data (opportunity, not search requirement)"
baseline,https://typescript.robertdevore.com/lessons/testing/,content/lessons/23-testing.md,lessons,200,200,True,,https://typescript.robertdevore.com/lessons/testing/,200,Runtime tests & type tests · TypeScript Course,46,"Test runtime behavior, inferred types, rejected inputs, and integrations.",73,Runtime tests & type tests,"[[""h1"", ""Runtime tests & type tests""], [""h2"", ""Where you are""], [""h2"", ""Mental model""], [""h2"", ""JavaScript reality""], [""h2"", ""TypeScript model""], [""h2"", ""Working example""], [""h2"", ""Type-checker drill""], [""h2"", ""Runtime drill""], [""h2"", ""Professional pattern""], [""h2"", ""Exercise""], [""h2"", ""Checkpoint""], [""h2"", ""Sources""]]",745,en,,,,False,,58,72,4,0,0,0,0,0,2,False,True,False,False,5274ebfa0fc01586009b39f58054f0a4cb7ba70942c8a15240a5caa00e805332,"no structured data (opportunity, not search requirement)"
baseline,https://typescript.robertdevore.com/lessons/objects-arrays-tuples/,content/lessons/04-objects-arrays-tuples.md,lessons,200,200,True,,https://typescript.robertdevore.com/lessons/objects-arrays-tuples/,200,"Objects, arrays & tuples · TypeScript Course",44,"Describe objects and collections, and understand how mutation affects them.",75,"Objects, arrays & tuples","[[""h1"", ""Objects, arrays & tuples""], [""h2"", ""Where you are""], [""h2"", ""Mental model""], [""h2"", ""JavaScript reality""], [""h2"", ""TypeScript model""], [""h2"", ""Working example""], [""h2"", ""Type-checker drill""], [""h2"", ""Runtime drill""], [""h2"", ""Professional pattern""], [""h2"", ""Exercise""], [""h2"", ""Checkpoint""], [""h2"", ""Sources""]]",787,en,,,,False,,58,72,4,0,0,0,0,0,2,False,True,False,False,548ccbb502029be262f005d4c5bc0a6bf5526cbf318dc3f7a7eb9fc33ba0dc3b,"no structured data (opportunity, not search requirement)"
baseline,https://typescript.robertdevore.com/lessons/architecture/,content/lessons/34-architecture.md,lessons,200,200,True,,https://typescript.robertdevore.com/lessons/architecture/,200,Architecture for large TypeScript systems · TypeScript Course,61,"Separate domain rules, application services, and adapters with clear dependencies.",82,Architecture for large TypeScript systems,"[[""h1"", ""Architecture for large TypeScript systems""], [""h2"", ""Where you are""], [""h2"", ""Mental model""], [""h2"", ""JavaScript reality""], [""h2"", ""TypeScript model""], [""h2"", ""Working example""], [""h2"", ""Type-checker drill""], [""h2"", ""Runtime drill""], [""h2"", ""Professional pattern""], [""h2"", ""Exercise""], [""h2"", ""Checkpoint""], [""h2"", ""Sources""]]",838,en,,,,False,,58,72,4,0,0,0,0,0,2,False,True,False,False,648d945cbc8484c49c72c8e3dc696b7d82e90d7dbb28feba45cb506101d99564,"no structured data (opportunity, not search requirement)"
baseline,https://typescript.robertdevore.com/lessons/runtime-safety/,content/lessons/33-runtime-safety.md,lessons,200,200,True,,https://typescript.robertdevore.com/lessons/runtime-safety/,200,Type safety versus runtime safety · TypeScript Course,53,Learn where static checks fall short and which runtime checks you still need.,77,Type safety versus runtime safety,"[[""h1"", ""Type safety versus runtime safety""], [""h2"", ""Where you are""], [""h2"", ""Mental model""], [""h2"", ""JavaScript reality""], [""h2"", ""TypeScript model""], [""h2"", ""Working example""], [""h2"", ""Type-checker drill""], [""h2"", ""Runtime drill""], [""h2"", ""Professional pattern""], [""h2"", ""Exercise""], [""h2"", ""Checkpoint""], [""h2"", ""Sources""]]",696,en,,,,False,,58,72,5,0,0,0,0,0,2,False,True,False,False,e3472366c9854a3cf8f33d7943e6576214aea6036b8111ff1e697f4c8557c5e7,"no structured data (opportunity, not search requirement)"
baseline,https://typescript.robertdevore.com/lessons/structural-typing/,content/lessons/08-structural-typing.md,lessons,200,200,True,,https://typescript.robertdevore.com/lessons/structural-typing/,200,Structural typing & assignability · TypeScript Course,53,Understand why object types are compatible and when excess property checks apply.,81,Structural typing & assignability,"[[""h1"", ""Structural typing & assignability""], [""h2"", ""Where you are""], [""h2"", ""Mental model""], [""h2"", ""JavaScript reality""], [""h2"", ""TypeScript model""], [""h2"", ""Working example""], [""h2"", ""Type-checker drill""], [""h2"", ""Runtime drill""], [""h2"", ""Professional pattern""], [""h2"", ""Exercise""], [""h2"", ""Checkpoint""], [""h2"", ""Sources""]]",737,en,,,,False,,60,72,4,0,0,0,0,0,1,False,True,False,False,f61db76be4ee267ad4af831c108c897e6d7f0e74707a28862e99d33a666fb6c4,"no structured data (opportunity, not search requirement)"
baseline,https://typescript.robertdevore.com/lessons/node-application/,content/lessons/25-node-application.md,lessons,200,200,True,,https://typescript.robertdevore.com/lessons/node-application/,200,Building a Node.js application · TypeScript Course,50,"Build a Node.js app with configuration, files, HTTP, logs, and graceful shutdown.",81,Building a Node.js application,"[[""h1"", ""Building a Node.js application""], [""h2"", ""Where you are""], [""h2"", ""Mental model""], [""h2"", ""JavaScript and Node reality""], [""h2"", ""TypeScript model""], [""h2"", ""Working example""], [""h2"", ""Type-checker drill""], [""h2"", ""Classes at an adapter boundary""], [""h2"", ""Application lab""], [""h2"", ""Runtime drill""], [""h2"", ""Professional pattern""], [""h2"", ""Exercise""], [""h2"", ""Checkpoint""], [""h2"", ""Sources""]]",924,en,,,,False,,60,75,5,0,0,0,0,0,2,False,True,False,False,222ef0dbcfc69bf80918e2e14080b7f981f0f3641f791d796178b58c8e6d607b,"no structured data (opportunity, not search requirement)"
baseline,https://typescript.robertdevore.com/lessons/exhaustiveness/,content/lessons/16-exhaustiveness.md,lessons,200,200,True,,https://typescript.robertdevore.com/lessons/exhaustiveness/,200,Discriminated unions & exhaustiveness · TypeScript Course,57,Describe valid states and catch missing cases when they change.,63,Discriminated unions & exhaustiveness,"[[""h1"", ""Discriminated unions & exhaustiveness""], [""h2"", ""Where you are""], [""h2"", ""Mental model""], [""h2"", ""JavaScript reality""], [""h2"", ""TypeScript model""], [""h2"", ""Working example""], [""h2"", ""Type-checker drill""], [""h2"", ""Runtime drill""], [""h2"", ""Professional pattern""], [""h2"", ""Exercise""], [""h2"", ""Checkpoint""], [""h2"", ""Sources""]]",734,en,,,,False,,57,72,3,0,0,0,0,0,2,False,True,False,False,27375e678ecea15290c3a4fd4793add8413016cb1ed7f112b15b0999d0c6dbd0,"no structured data (opportunity, not search requirement)"
baseline,https://typescript.robertdevore.com/lessons/functions/,content/lessons/03-functions.md,lessons,200,200,True,,https://typescript.robertdevore.com/lessons/functions/,200,Functions & callbacks · TypeScript Course,41,Write functions and callbacks with clear inputs and return types.,65,Functions & callbacks,"[[""h1"", ""Functions & callbacks""], [""h2"", ""Where you are""], [""h2"", ""Why this matters""], [""h2"", ""JavaScript reality""], [""h2"", ""TypeScript model""], [""h2"", ""Working example""], [""h2"", ""Type-checker drill""], [""h2"", ""Runtime drill""], [""h2"", ""Professional pattern""], [""h2"", ""Common failure modes""], [""h2"", ""Exercise""], [""h2"", ""Checkpoint""], [""h2"", ""Sources""]]",885,en,,,,False,,57,73,4,0,0,0,0,0,2,False,True,False,False,15d43710452873e75093ac8e8d683328bd486f2870168ff3205869fb217279b8,"no structured data (opportunity, not search requirement)"
baseline,https://typescript.robertdevore.com/lessons/errors-and-null/,content/lessons/07-errors-and-null.md,lessons,200,200,True,,https://typescript.robertdevore.com/lessons/errors-and-null/,200,Errors & nullable values · TypeScript Course,44,Handle missing values and errors with exceptions and result types.,66,Errors & nullable values,"[[""h1"", ""Errors & nullable values""], [""h2"", ""Where you are""], [""h2"", ""Mental model""], [""h2"", ""JavaScript reality""], [""h2"", ""TypeScript model""], [""h2"", ""Working example""], [""h2"", ""Type-checker drill""], [""h2"", ""Runtime drill""], [""h2"", ""Professional pattern""], [""h2"", ""Exercise""], [""h2"", ""Checkpoint""], [""h2"", ""Sources""]]",783,en,,,,False,,57,73,4,0,0,0,0,0,2,False,True,False,False,03b9f39aa560d79354bf3756b9494c100b4074945856c45fdf15976d55b7e271,"no structured data (opportunity, not search requirement)"
baseline,https://typescript.robertdevore.com/lessons/narrowing/,content/lessons/05-narrowing.md,lessons,200,200,True,,https://typescript.robertdevore.com/lessons/narrowing/,200,"Unions, literals & narrowing · TypeScript Course",48,Use runtime evidence and control flow to make union types useful.,65,"Unions, literals & narrowing","[[""h1"", ""Unions, literals & narrowing""], [""h2"", ""Where you are""], [""h2"", ""Why this matters""], [""h2"", ""Mental model""], [""h2"", ""JavaScript reality""], [""h2"", ""TypeScript model""], [""h2"", ""Working example""], [""h2"", ""Type-checker drill""], [""h2"", ""Runtime drill""], [""h2"", ""Professional pattern""], [""h2"", ""Exercise""], [""h2"", ""Checkpoint""], [""h2"", ""Sources""]]",881,en,,,,False,,58,73,4,0,0,0,0,0,2,False,True,False,False,fd8bc69a6fe5f8ef7b13afe86febfc166c4575b62e27c9cf2142a4666815be56,"no structured data (opportunity, not search requirement)"
baseline,https://typescript.robertdevore.com/lessons/advanced-design/,content/lessons/32-advanced-design.md,lessons,200,200,True,,https://typescript.robertdevore.com/lessons/advanced-design/,200,Practical advanced types · TypeScript Course,44,"Use brands, builders, recursion, and type-state when they make an API easier to use.",84,Practical advanced types,"[[""h1"", ""Practical advanced types""], [""h2"", ""Where you are""], [""h2"", ""Mental model""], [""h2"", ""JavaScript reality: classes and prototypes""], [""h2"", ""TypeScript model""], [""h2"", ""Working example""], [""h2"", ""Type-checker drill""], [""h2"", ""Runtime drill""], [""h2"", ""Professional pattern""], [""h2"", ""Exercise""], [""h2"", ""Checkpoint""], [""h2"", ""Sources""]]",867,en,,,,False,,60,72,5,0,0,0,0,0,1,False,True,False,False,af5778a56f67178b7d70d8ea7bc3cfbc5adfa811dc11f095a37819c2a09bf790,"no structured data (opportunity, not search requirement)"
baseline,https://typescript.robertdevore.com/lessons/performance/,content/lessons/30-performance.md,lessons,200,200,True,,https://typescript.robertdevore.com/lessons/performance/,200,Compiler & editor performance · TypeScript Course,49,Find what slows the compiler or editor before changing your types.,66,Compiler & editor performance,"[[""h1"", ""Compiler & editor performance""], [""h2"", ""Where you are""], [""h2"", ""Mental model""], [""h2"", ""Runtime and tooling reality""], [""h2"", ""TypeScript model""], [""h2"", ""Working example""], [""h2"", ""Measurement lab""], [""h2"", ""Type-checker drill""], [""h2"", ""Runtime drill""], [""h2"", ""Professional pattern""], [""h2"", ""Exercise""], [""h2"", ""Checkpoint""], [""h2"", ""Sources""]]",745,en,,,,False,,59,73,4,0,0,0,0,0,2,False,True,False,False,68f6066256e83e785e698779d419511f07ceb37e53dac7f89a64950f725f8e76,"no structured data (opportunity, not search requirement)"
baseline,https://typescript.robertdevore.com/lessons/modules/,content/lessons/19-modules.md,lessons,200,200,True,,https://typescript.robertdevore.com/lessons/modules/,200,"ESM, CommonJS & module resolution · TypeScript Course",53,Follow an import from TypeScript source to the code your runtime loads.,71,"ESM, CommonJS & module resolution","[[""h1"", ""ESM, CommonJS & module resolution""], [""h2"", ""Where you are""], [""h2"", ""Mental model""], [""h2"", ""JavaScript reality""], [""h2"", ""TypeScript model""], [""h2"", ""Working example""], [""h2"", ""Type-checker drill""], [""h2"", ""Package map exercise""], [""h2"", ""Runtime drill""], [""h2"", ""Professional pattern""], [""h2"", ""Checkpoint""], [""h2"", ""Sources""]]",846,en,,,,False,,58,72,5,0,0,0,0,0,2,False,True,False,False,1961c5b55bfb7f326b805a4c7e6734246103fd9c2b45f27d7295d513cf267aef,"no structured data (opportunity, not search requirement)"
baseline,https://typescript.robertdevore.com/lessons/keyof-typeof-indexed-access/,content/lessons/12-keyof-typeof-indexed-access.md,lessons,200,200,True,,https://typescript.robertdevore.com/lessons/keyof-typeof-indexed-access/,200,"keyof, typeof & indexed access · TypeScript Course",50,Keep property names and their values connected in reusable APIs.,64,"keyof, typeof & indexed access","[[""h1"", ""keyof, typeof & indexed access""], [""h2"", ""Where you are""], [""h2"", ""Mental model""], [""h2"", ""JavaScript reality""], [""h2"", ""TypeScript model""], [""h2"", ""Working example""], [""h2"", ""Type-checker drill""], [""h2"", ""Runtime drill""], [""h2"", ""Professional pattern""], [""h2"", ""Exercise""], [""h2"", ""Checkpoint""], [""h2"", ""Sources""], [""h2"", ""Type explorer""]]",761,en,,,,False,,58,73,5,0,0,0,0,0,2,False,True,False,False,ed4024289a01a70dbbf9c37d245e4917cf29222704bdc58d3376ad65e2a604b1,"no structured data (opportunity, not search requirement)"
baseline,https://typescript.robertdevore.com/lessons/static-analysis/,content/lessons/24-static-analysis.md,lessons,200,200,True,,https://typescript.robertdevore.com/lessons/static-analysis/,200,"Linting, formatting & static analysis · TypeScript Course",57,"Understand what the compiler, linter, formatter, and tests each check.",70,"Linting, formatting & static analysis","[[""h1"", ""Linting, formatting & static analysis""], [""h2"", ""Where you are""], [""h2"", ""Mental model""], [""h2"", ""JavaScript reality""], [""h2"", ""TypeScript model""], [""h2"", ""Working example""], [""h2"", ""Type-checker drill""], [""h2"", ""A small workflow""], [""h2"", ""Runtime drill""], [""h2"", ""Professional pattern""], [""h2"", ""Exercise""], [""h2"", ""Checkpoint""], [""h2"", ""Sources""]]",719,en,,,,False,,58,73,5,0,0,0,0,0,2,False,True,False,False,5e48f47f274f989a01509e97d7009b64944ebaaece86ca38ad2b38f649c52c6e,"no structured data (opportunity, not search requirement)"
baseline,https://typescript.robertdevore.com/lessons/conditional-types/,content/lessons/14-conditional-types.md,lessons,200,200,True,,https://typescript.robertdevore.com/lessons/conditional-types/,200,Conditional types & infer · TypeScript Course,45,"Use conditional types and infer, and learn when unions distribute.",66,Conditional types & infer,"[[""h1"", ""Conditional types & infer""], [""h2"", ""Where you are""], [""h2"", ""Mental model""], [""h2"", ""JavaScript reality""], [""h2"", ""TypeScript model""], [""h2"", ""Working example""], [""h2"", ""Type-checker drill""], [""h2"", ""Runtime drill""], [""h2"", ""Professional pattern""], [""h2"", ""Exercise""], [""h2"", ""Checkpoint""], [""h2"", ""Sources""]]",802,en,,,,False,,58,72,4,0,0,0,0,0,2,False,True,False,False,b48f5cb86954d3429e70b78fe6d6734ef2161accc076424c9616e17aea0c9e53,"no structured data (opportunity, not search requirement)"
baseline,https://typescript.robertdevore.com/lessons/any-unknown-never-void/,content/lessons/09-any-unknown-never-void.md,lessons,200,200,True,,https://typescript.robertdevore.com/lessons/any-unknown-never-void/,200,"any, unknown, never & void · TypeScript Course",46,"Choose the right meaning for unchecked values, unknown inputs, impossible cases, and ignored returns.",101,"any, unknown, never & void","[[""h1"", ""any, unknown, never & void""], [""h2"", ""Where you are""], [""h2"", ""Mental model""], [""h2"", ""JavaScript reality""], [""h2"", ""TypeScript model""], [""h2"", ""Working example""], [""h2"", ""Type-checker drill""], [""h2"", ""Runtime drill""], [""h2"", ""Professional pattern""], [""h2"", ""Exercise""], [""h2"", ""Checkpoint""], [""h2"", ""Sources""]]",762,en,,,,False,,57,72,4,0,0,0,0,0,2,False,True,False,False,33064e16eb939f1b3a5f140d57618a6f3ed7c0ad542b29fba6d1cba34dc1612f,"no structured data (opportunity, not search requirement)"
baseline,https://typescript.robertdevore.com/reference/,scripts/build.mjs,reference,200,200,True,,https://typescript.robertdevore.com/reference/,200,TypeScript reference · TypeScript Course,40,"Find TypeScript concepts, common errors, and the lesson that explains them.",75,TypeScript reference,"[[""h1"", ""TypeScript reference""], [""h2"", ""Runtime versus static contracts""], [""h2"", ""Inference and modeling""], [""h2"", ""Applications and libraries""], [""h2"", ""Error-oriented index""]]",386,en,,,,False,,101,62,2,0,0,0,0,0,1,False,True,False,False,dae52dd2cc538408fed2f743671831a1a7f4e921fccd0dacce1f39ffb08b94a8,"no structured data (opportunity, not search requirement)"
baseline,https://typescript.robertdevore.com/404/,scripts/build.mjs,404,404,200,False,"noindex,follow",https://typescript.robertdevore.com/404/,200,Page not found · TypeScript Course,34,Return to the TypeScript course learning path.,46,Page not found.,"[[""h1"", ""Page not found.""]]",18,en,,,,False,,1,19,2,1,0,0,0,0,,True,False,False,False,9735a21c6ef67bd2666697a745842d353d5c6ab1df9d3dc2d5cfdc8bd8e58c97,
